prompt,chosen,rejected,marked
tatsızlık pislik olsun diye," atlıyor korumasın, su", bir ilahiyat dersi verdiğini rivayet et,0
umarım acı içinde c,ekerdim ama acı yapıyorum kaşıntı,ılgın özlemi hissettiren narin arzu,0
artık yorulduk hocam ,ulan beni bi güneş göründü.,ıyı gunler zamanımızde,0
Sanki çok yoruld,"unuz, muhteşem bir oda yapıyor",ula ilerlerken ayıda kovalar,0
Cok değişik bir senaryoymuş, ama arkası olasılıkla benzer. C,", tam deli gibi. Kitap",0
Sırf bu ta,"arr, hz Peygamberimizin",arruf hükmünün burada yer,0
Hatalarını düzeltmede türk t,esdev’e yanıma gel, notalarını ezberliyeceksin.,0
bilemezsin hangi kırık ,"cakarı, yerini ne kullanmayı",īr oyunları çaldılar,0
rabbim khar ismiyle kah,rınızın içinin âhiretin,pelerine tapar beni ağız,0
oluuğğm bülük ,erlerr vuku girdi de oldu,аnlıtürk. deneyimleri bu,0
naber lan tırrek yaşattığı, iddiasında bulunmuştu. Yani “eğer, bu onun herkese hakkını verebilmesi,0
Lan zeynep karısı, tarafından internetten leyla üzerinden dünyaya, kıl ata yarabbim olur,0
ben bu duyguyla saç başa g,aw toonrow yaz,üpheli bir saray değildir.,0
İki çeşit Kürt vardır Kahram, Kürtlerin ve ezilenlerin Kıyıda," Kürtün, Zulüm",0
Bu tagı açan şizofren gavat kimse , Olaylara Katkıları Güç ister,ırak avucunun kirada hali,0
çarşaf yer," hareketi kuvvetini; ""T",lisi” olarak hep düştüğü yerde,0
Hesap ortada ve aşağı,/aşağı client idr,-yukarı geldik bakalım.Sonuçta,0
anneler için ulaşımı üc,retimzamsever vatandaş memnuniyetini artırarak,retim düzenli olarak sürdüren (art,0
Enflasyonu ise ki, haftaya Küresel piyasalarda düşüşünü devam," yükseldi ve yavaşladı.
",0
ayıp ediyor,. Halit'i kurtarmak tabi,duk. Sonunda kaymakamı ve,0
sabahtan gördüm seni ,caktığımı da bilmiyorum bak böyle,ulana g�ren bu,0
 cgdmtsdmr ,ının birçok doğa harikası sıfatını,"ıyıl sonu ders odaklı başarılı,",0
 şu an mut,lulugun geliyor bir de poz,hissiz bir kultur;,0
Onun nasıl bir pezeven,saytikli dünyası var;,"ıyım,yoksa hala kar",0
15 temmuz demokrasi şehitleri gazil,eler tarafından gönderilmiş. Polis miting,leriyle beraber yüz binlerce bayrak aral,0
Muhabbeti bitirdiklerimden piş,tim:) Bu arada kim bit,ik değil dahçok Çok güzel,0
Boşalmak isteyen baya, yaz tatili zamanlarında tatilcilerdeki, uğraşacaktır ondan sonra mod 2,0
haksizlik karşisinda susan, bir adam kaysermeyi43,ilan hatizlu sessiz ve,0
evet çok ta, gizli bir şekilde ilkbahara,ýmik ama saglam bir þ,0
en son ne za, ka bir hoş söz dü ma,"­man olabilir ki, çıkar",0
bu ne boyl,uysa o kocaman bebeğin altına düştü,uyordu acaba tatlı ekmek kokusu beni,0
Rüya boşand,har gerçekliği sıradan insanlar tarafından çarpıt,ından dönmesi aldanmış ve kendini,0
Gerizekali tipsiz herif se,xdigimizdeki de msn de,davadır.Süslü,0
Uykusuzluktan geb,"eliğinizi giderirseniz, iş","erir, mutlu olurlar.”",0
Seni anlatıp duruyorum insanlara H,ANA YOLLAYINIZDUR,omer'la beraber gerçekleri anlatmaya,0
Kahreden görüntü çanakkalenin Gelibolu ,ünü... Trabzonun Tamiri,nun eski ve turistik Sür,0
ile Rumca konuşulan köylerdeki her ş,erli ve çeber eşyalarını kullanıyor,undalık ormanın eteğine,0
ne zaman gö,"ğüse nasıl harcadın,",ğü i takdim etmekte ve b,0
Spordan sonra 1.5 adana yemeye g,itim pek iyi oyunculuk iyi...,ecekken 2.700 dakika,0
Okullar açılmalı mı? Ağustosta başla,sın! Yurdu tamir ettiriliyor,tılacak pasaport açılacak mı? NOT,0
Bize de 305 TL geldi,. Bize verildi. Bill G,". Oyunlar açıklandı, o kadar",0
aceleyle yapılmış bir maky,eddin olduğu söylenmektedir. Ancak Ala,özde yapılan gezide çocuklar,0
bu tweetını anlamay,ıp onunla konuşup araştırdım.Aynı,"abilir misiniz? Yani bırakın,",0
Neden güzelim kel, değil aşkım anlamı nedir aşkta,ebeğin çirkin dostu “inş,0
 palavracagla Randomuna,’nın da aralarında bulunduğu Aleviler,", Olimpos Serinletic",0
Kadın rolü yaptığım videolara hep bu ta,ala uğrayan bizler de şaşırdık, yorumlara katılıyordum. teşhirciler,0
mükemmel bi karı ya bağırt,ıyam o zaman kızım 5,tım ya dedısım ıst,0
antalya piyasas,iz Avmscreia,� i�birli�,0
Herkes konusur ama önemli olan icra, takip formu doğdu...O yüzden, takibinde kimin icra takibine,0
Sanal show yapıyorum teyit telde," hani böyle tarlalar, başka", oturuyorum ama kredi kartı yok kredi,0
Topunun can çekişerek gebermeleri di,abet olguları arasında yer almaktadır,et ne olur ne olmaz öyle,0
Valla şaka," gibi patlattı, lütfen.", oldu Metamorfoz için,0
Merhaba ozelime gelirmi, 19 doktora gittim bu normal mi, 2 dk sonra birden sertı,0
tarihi mekanda manuş baba ,"laş, şivit-",larda ki kız değişiklik örnekleri ar,0
annen mühendis ,leş Minnesota’nın,uşağı 16 Mart 2011 doğumlu,0
Ben zaten twit olsun diye s,wit olurdum swit ESCORT,bc ile uğraşıps,0
Denize çöp atmadan önce dü,düğüne inantır. Kendisini tam,"e tıklıyorsunuz, masaüstünüzü",0
Bu nasıl birşey ya binadan atlıcam bi, de gökçü bey” *****," yerde suvar, ev mi",0
kadınlar küfür edemiyorlar ya keko ya y,emez demeyelim ama beb,emezler ya da kabuslar zehir,0
"Kendimi çok yorgun, hasta, bitkin hisse",. Yemek yerimiz kötüydü,"demiyorum, kapalı adımlarla durup",0
Eeee o zaman ifsal,i hashtag var. Bak,ýnýza getirildi ve kurduðu,0
bir haftalık kaoslardan sonr,"adır.
Bırakın",adır.23 Kasım Cumartesi akşamı,0
surekli uyelere laf at sonra da niye, böyle oluyor burada anlayamadım sanada, alnını kaşını ağlatan,0
Her yerden s,"ilmeniz mümkün olmuyor, ama bakım",�re gizlenecek bir �,0
"ülkece netflix, lgbt , saç","ülkece netflix, lgbt, saçmalamış, mobil site ve","ülkece netflix, lgbt, saç dökülmesi ile alakalı bakım ve onarım",0
Yaşın değil yaşad,ınız mı? Yoksa kendi sevg,"ınız değil, tüm hayatımızın renklendir",0
Olurmu paşam uluslacılara sor devlet akl,"ınca, istediğin zemine yerleşir",ının alınası arapları değil,0
Benim kimseye bulaştığım y,p evinde cinselliği kullandığım zamanlar,iğitlerim ve bu televizyonlar,0
Cengiz bey dönek ve satılık iki a,idatı buldum kesinleşip istiyorum, motorlu taşıt vergisi hesabımızı bir,0
Teşekkür eder,", Ankara'nın en büyük","üm....
_ Merhaba",0
ya sg amk gerizekalı,", naou koka,",ınım filiminy de,0
yalancı pi,þincirleriniz). Mark,ștah noktası kaçx70,0
kendimi zorlayarak bir mekana geld,inizi hissettim ve olaya yasladım,imi :D Bir işim olursa,0
Reisi cumhur bir duayı bir güzel sözü, bir güzel diyebileceğin du, dersinize yaza veya dini sohbete,0
Dertleri dini inançları olsa ama değill,"!!
Amerika’daki yerel",". Yani kendine göre değil,",0
şşt kız kevaşe y,"suru
Hemşire",rek daha fazla efsanevi hallerimi,0
Ersun Domal ne alaka aq puhahahah,ahahahahahaha,anuhu ölmeni,0
Sağ olun Aslı hanım Türkiye n,nin en güzel bayan giyim s,’derlerinizdeki arz bur,0
Böyle alfa laf,ından bir gün önce İbrahim G,ta sadece Allâh’ın gaz,0
Ne demek istiyo,"san, kimin yaptığına bak.",duk?...(Nimetleri,0
yarın ilk iki saat de, yürürlükte olan Medine sonrası tebliğ edildiği, tamamlandı. Bu sırada iniş merdiveni,0
Kardeşim fizik ,ındır siz nasıl oynuyorsunuz?,ESİF Athena De L,0
gözyaşlarımı tutamıyoru, da gerçekten iğrenç acılarımnı,s. Saban gibi kokan,0
yüzüme karşı konuş,"mayın...”
Kendi yeme düşünc",unca ölümüne üzüldüğüm bir çıkış,0
Kendi kendimize konuşmaktan bı, rahatsızlık deriz yada de…,cak yapamıyorsak gönlümüzde aynı,0
madem bu kadar ,unda kolay insanı söyliyim bu,ısınamaTabaklarımızdaki,0
Ülkesinden kaçan İran,'ın stratejik istihbarat hizmetlerini ele,’a yönelik askeri platformun,0
hayırdır aga canını sıkanın anasını si, kaka aşrını kurban yap,mada yıkar falan tık yok,0
 hay kalbine sokayim ,esi sicak olsun ki Allah sizin,ulan cocuk senin için ne!,0
Sayın Sik siğili b,ehaviom tedavisini birkaç gün,raketçıkları el altında,0
Geber be kopek  oylemi  bela ,lem gangur ayt,ıyaz anaç ıa,0
hamur işler,di. Bu kadar emek harcan,imin en başına geldi ama düşündüm,0
ebeni siktir ba,"ması.
Eve işten geldiği",gi cover son tecru,0
bu soru öy,leydi desem yalan olur.,künmez:)aksu/,0
Siyasal İslam'ın çizdiği saha," çok daha olumludur.
", tartışılmaz bir şey değil bu.,0
kes ağlama,"...
Yüzlerce defa Ak",dım karanlıklarda.Bir büyü,0
ağzını sikdi,", hiddete ordu çek", ve �i g�ster,0
 eraybpt Ayasofya nın özü klis,"edir
Ttt.",a afer iqua,0
 Nedenler içinde kaybolmuş bedenler,", ne kadar da karakter yüklü", de var? Kimisi heykelleri,0
Bide Amerikan bayrağı koymuş," olanlara :)
9 Şubatta",",teras,fatsız",0
